business_name,phone,city,metro,owner,website,rating,review_count,primary_pain,hook,confidence
J & S Pool & Spa,(559) 297-7995,Clovis,Fresno CA,unknown,jspool.com,3.8,101,Reputation,J & S Pool & Spa sits at 3.8★ across 101 reviews — under 4.0 means every competitor above them wins the click by default. Reputation repair is the fast money.,verified
FAMILY POOL SERVICE,(901) 297-7812,Memphis,Memphis TN,unknown,thefamilypool.com,3.9,76,Reputation,FAMILY POOL SERVICE sits at 3.9★ across 76 reviews — under 4.0 means every competitor above them wins the click by default. Reputation repair is the fast money.,verified
Platinum pools and spa,(909) 964-8645,Ontario,Riverside / IE,unknown,,4.1,7,Reviews,Only 7 Google reviews on Platinum pools and spa — invisible to anyone not already searching the name. Review engine plus ads changes that fast.,verified
Metairie Pool Cleaning and Service,(504) 565-2962,Metairie,New Orleans / Baton Rouge LA,unknown,www.metairiepoolcleaner.com,4.1,9,Reviews,Only 9 Google reviews on Metairie Pool Cleaning and Service — invisible to anyone not already searching the name. Review engine plus ads changes that fast.,verified
Glen's Pool Service,(909) 994-1842,Ontario,Riverside / IE,unknown,glens-pool-service.com,4.5,8,Reviews,Only 8 Google reviews on Glen's Pool Service — invisible to anyone not already searching the name. Review engine plus ads changes that fast.,verified
"All About Pool Care Services, LLC",(407) 430-7543,Sanford,Orlando FL,unknown,,4.5,15,Website,"All About Pool Care Services, LLC has no real website — every Google searcher gets handed to a competitor with a booking page. Fastest fix we do.",verified
On Time Pool Service & Care,(954) 320-0099,Pompano Beach,Miami / South FL,unknown,pontevedrabeachpools.com,4.6,8,Reviews,Only 8 Google reviews on On Time Pool Service & Care — invisible to anyone not already searching the name. Review engine plus ads changes that fast.,verified
marios pool service,(760) 443-0112,Escondido,San Diego CA,unknown,www.mariospoolservice.com,4.8,4,Reviews,Only 4 Google reviews on marios pool service — invisible to anyone not already searching the name. Review engine plus ads changes that fast.,verified
Weekly Dallas Pool Service,(214) 377-1319,Dallas,Dallas-Fort Worth TX,unknown,dallas-poolservice.net,4.8,9,Reviews,Only 9 Google reviews on Weekly Dallas Pool Service — invisible to anyone not already searching the name. Review engine plus ads changes that fast.,verified
Expert Pompano Pool Cleaners,(954) 953-5522,Pompano Beach,Miami / South FL,unknown,pompanobeachpoolguys.com,4.8,9,Reviews,Only 9 Google reviews on Expert Pompano Pool Cleaners — invisible to anyone not already searching the name. Review engine plus ads changes that fast.,verified
Expert Pool Cleaning Services,(954) 388-0074,Pembroke Pines,Miami / South FL,unknown,pinespoolcare.com,4.9,7,Reviews,Only 7 Google reviews on Expert Pool Cleaning Services — invisible to anyone not already searching the name. Review engine plus ads changes that fast.,verified
Blue Pool Expert of Brandon,(813) 694-3331,Brandon,Tampa FL,unknown,bluepoolexperts.com,4.9,9,Reviews,Only 9 Google reviews on Blue Pool Expert of Brandon — invisible to anyone not already searching the name. Review engine plus ads changes that fast.,verified
The Friendly Guys Pool Services,(954) 960-3335,Coral Springs,Miami / South FL,unknown,coralspringspoolservices.net,4.9,10,Reviews,Only 10 Google reviews on The Friendly Guys Pool Services — invisible to anyone not already searching the name. Review engine plus ads changes that fast.,verified
ASP - America's Swimming Pool Company of San Marcos,(512) 522-0994,San Marcos,Austin TX,unknown,www.asppoolco.com/sanmarcos,4.9,12,Reviews,Only 12 Google reviews on ASP - America's Swimming Pool Company of San Marcos — invisible to anyone not already searching the name. Review engine plus ads changes that fast.,verified
Scheduled Garland Pool Maintenance,(214) 919-8020,Garland,Dallas-Fort Worth TX,unknown,,4.9,15,Website,Scheduled Garland Pool Maintenance has no real website — every Google searcher gets handed to a competitor with a booking page. Fastest fix we do.,verified
Scheduled Dallas Pool Cleaning,(214) 431-5170,Dallas,Dallas-Fort Worth TX,unknown,,4.9,18,Website,Scheduled Dallas Pool Cleaning has no real website — every Google searcher gets handed to a competitor with a booking page. Fastest fix we do.,verified
Deep End Pool Service,(239) 699-6279,Naples,Fort Myers / Naples FL,unknown,,4.9,34,Website,Deep End Pool Service has no real website — every Google searcher gets handed to a competitor with a booking page. Fastest fix we do.,verified
TLC Pool Service,(559) 679-3613,Visalia,Fresno CA,unknown,cyberanalytica.wixsite.com/tlcpool,4.9,49,Website,TLC Pool Service's site is on a free wixsite template — reads DIY and kills trust before they call. Real site plus ads is the play.,verified
"On-Time Pool Service, Inc.",(941) 344-2783,Sarasota,Sarasota FL,unknown,,4.9,521,Website,"On-Time Pool Service, Inc. has no real website — every Google searcher gets handed to a competitor with a booking page. Fastest fix we do.",verified
Lux Pool and Spa Services,(361) 460-7069,Schertz,San Antonio TX,unknown,luxpoolandspa.net,5,2,Reviews,Only 2 Google reviews on Lux Pool and Spa Services — invisible to anyone not already searching the name. Review engine plus ads changes that fast.,verified
Just Keep Skimming Pool Service,(904) 293-9051,St Augustine,Jacksonville FL,unknown,justkeepskimmingpools.com,5,4,Reviews,Only 4 Google reviews on Just Keep Skimming Pool Service — invisible to anyone not already searching the name. Review engine plus ads changes that fast.,verified
MQ Pool Cleaning Service,(972) 848-6294,Mesquite,Dallas-Fort Worth TX,unknown,mesquitepoolservicepros.com,5,5,Reviews,Only 5 Google reviews on MQ Pool Cleaning Service — invisible to anyone not already searching the name. Review engine plus ads changes that fast.,verified
Texas Elite Pool Care,(737) 243-3360,Pflugerville,Austin TX,unknown,,5,6,Reviews,Only 6 Google reviews on Texas Elite Pool Care — invisible to anyone not already searching the name. Review engine plus ads changes that fast.,verified
Top of the line Pool and Spa,(760) 270-2425,Escondido,San Diego CA,unknown,topofthelinepools.com,5,6,Reviews,Only 6 Google reviews on Top of the line Pool and Spa — invisible to anyone not already searching the name. Review engine plus ads changes that fast.,verified
Townsend Pool Service,(956) 489-9110,Schertz,San Antonio TX,unknown,www.townsendpoolservice.com,5,7,Reviews,Only 7 Google reviews on Townsend Pool Service — invisible to anyone not already searching the name. Review engine plus ads changes that fast.,verified
Mountain Ridge Pool Service LLC,(480) 382-6282,Surprise,Phoenix AZ,unknown,mountainridgepools.com,5,8,Reviews,Only 8 Google reviews on Mountain Ridge Pool Service LLC — invisible to anyone not already searching the name. Review engine plus ads changes that fast.,verified
"JC Florida Pool Service , LLC",(786) 970-9855,Hialeah,Miami / South FL,unknown,,5,10,Reviews,"Only 10 Google reviews on JC Florida Pool Service , LLC — invisible to anyone not already searching the name. Review engine plus ads changes that fast.",verified
Proper Pool Care,(704) 985-2234,Mint Hill,Charlotte NC,unknown,properpoolcarecharlotte.com,5,10,Reviews,Only 10 Google reviews on Proper Pool Care — invisible to anyone not already searching the name. Review engine plus ads changes that fast.,verified
The Bearded Pool Guy,(830) 532-8541,New Braunfels,San Antonio TX,unknown,www.thebeardedpoolguy.net,5,11,Reviews,Only 11 Google reviews on The Bearded Pool Guy — invisible to anyone not already searching the name. Review engine plus ads changes that fast.,verified
Corona Pool Service - ORCA Pools,(951) 221-3206,Corona,Riverside / IE,unknown,orcapoolsandspas.com/pool-service-corona,5,11,Reviews,Only 11 Google reviews on Corona Pool Service - ORCA Pools — invisible to anyone not already searching the name. Review engine plus ads changes that fast.,verified
Aloha Pool Service,(912) 667-0693,Savannah,Savannah GA,unknown,alohapoolsav.com,5,11,Reviews,Only 11 Google reviews on Aloha Pool Service — invisible to anyone not already searching the name. Review engine plus ads changes that fast.,verified
Longhorn Pool Pros,(512) 734-5050,Leander,Austin TX,unknown,www.longhornpoolpros.com,5,13,Reviews,Only 13 Google reviews on Longhorn Pool Pros — invisible to anyone not already searching the name. Review engine plus ads changes that fast.,verified
Soaky Pool Services,(305) 481-3435,Miami,Miami / South FL,unknown,www.soakypool.com,5,13,Reviews,Only 13 Google reviews on Soaky Pool Services — invisible to anyone not already searching the name. Review engine plus ads changes that fast.,verified
Georgia Pool Solutions,(770) 524-3468,Marietta,Atlanta GA,unknown,georgiapoolsolutions.com,5,14,Reviews,Only 14 Google reviews on Georgia Pool Solutions — invisible to anyone not already searching the name. Review engine plus ads changes that fast.,verified
Aqua Preaux Pool Services LLC,(225) 610-2441,Baton Rouge,New Orleans / Baton Rouge LA,unknown,aquapreauxpoolservices.godaddysites.com,5,19,Website,Aqua Preaux Pool Services LLC's site is on a free godaddysites template — reads DIY and kills trust before they call. Real site plus ads is the play.,verified
Byrd Pool Service,(918) 496-2818,Tulsa,Oklahoma,unknown,www.byrdpoolservice.com,4,48,Reputation,"Byrd Pool Service is at 4★ — decent, not top-tier. In Tulsa the 4.8-4.9 shops win the high-ticket jobs. Tighten reputation and run ads.",verified
Caribbean Pool Services,(704) 795-7665,Concord,Charlotte NC,unknown,,4.1,25,Reviews,"Caribbean Pool Services has 25 reviews at 4.1★ — a real start, but the top Concord shops run 5-10x that and take the premium jobs. Ads plus reviews closes the gap.",verified
Swim Pure Pool Service and Repair,(512) 265-0254,Cedar Park,Austin TX,unknown,spspoolcare.com/pool-services/tx/cedar-park/swim-pure,4.3,141,Reputation,"Swim Pure Pool Service and Repair is at 4.3★ — decent, not top-tier. In Cedar Park the 4.8-4.9 shops win the high-ticket jobs. Tighten reputation and run ads.",verified
"Pine Ridge Pool Care, Inc.",(559) 326-9534,Clovis,Fresno CA,unknown,pineridgepoolcareinc.com,4.4,55,Reputation,"Pine Ridge Pool Care, Inc. is at 4.4★ — decent, not top-tier. In Clovis the 4.8-4.9 shops win the high-ticket jobs. Tighten reputation and run ads.",verified
Aquamaid Pool Services,(817) 381-6201,Arlington,Dallas-Fort Worth TX,unknown,spspoolcare.com/pool-services/tx/arlington/aquamaid,4.4,322,Reputation,"Aquamaid Pool Services is at 4.4★ — decent, not top-tier. In Arlington the 4.8-4.9 shops win the high-ticket jobs. Tighten reputation and run ads.",verified
Hialeah Pool Services Corporation,(305) 558-2671,Hialeah,Miami / South FL,unknown,www.aquaticsconnect.com/hialeah/services-vendors/hialeah-pool-services-corporation,4.6,28,Reviews,"Hialeah Pool Services Corporation has 28 reviews at 4.6★ — a real start, but the top Hialeah shops run 5-10x that and take the premium jobs. Ads plus reviews closes the gap.",verified
Weekly Allen Pool Service,(214) 785-8641,Allen,Dallas-Fort Worth TX,unknown,poolserviceallen.net,4.7,18,Reviews,"Weekly Allen Pool Service has 18 reviews at 4.7★ — a real start, but the top Allen shops run 5-10x that and take the premium jobs. Ads plus reviews closes the gap.",verified
Sachse Neighborhood Pool Service,(214) 385-4421,Sachse,Dallas-Fort Worth TX,unknown,poolservicesachse.com,4.7,18,Reviews,"Sachse Neighborhood Pool Service has 18 reviews at 4.7★ — a real start, but the top Sachse shops run 5-10x that and take the premium jobs. Ads plus reviews closes the gap.",verified
Gulf Coast Pool Service,(941) 241-1675,Sarasota,Sarasota FL,unknown,gulfcoast-poolservice.com,4.7,26,Reviews,"Gulf Coast Pool Service has 26 reviews at 4.7★ — a real start, but the top Sarasota shops run 5-10x that and take the premium jobs. Ads plus reviews closes the gap.",verified
TN Pool Service and Repair,(615) 982-4659,Nashville,Nashville TN,unknown,tnpoolservice.com,4.7,27,Reviews,"TN Pool Service and Repair has 27 reviews at 4.7★ — a real start, but the top Nashville shops run 5-10x that and take the premium jobs. Ads plus reviews closes the gap.",verified
Pearland Sparkling Pool Service,(281) 400-1785,Pearland,Houston TX,unknown,poolservicepearland.com,4.8,15,Reviews,"Pearland Sparkling Pool Service has 15 reviews at 4.8★ — a real start, but the top Pearland shops run 5-10x that and take the premium jobs. Ads plus reviews closes the gap.",verified
Blue Valley Pool Services,(661) 364-4914,Bakersfield,Bakersfield CA,unknown,bluevalleypoolservices.com,4.8,16,Reviews,"Blue Valley Pool Services has 16 reviews at 4.8★ — a real start, but the top Bakersfield shops run 5-10x that and take the premium jobs. Ads plus reviews closes the gap.",verified
League City Clear Pool Maintenance,(281) 601-1120,League City,Houston TX,unknown,poolmaintenanceleaguecity.com,4.8,17,Reviews,"League City Clear Pool Maintenance has 17 reviews at 4.8★ — a real start, but the top League City shops run 5-10x that and take the premium jobs. Ads plus reviews closes the gap.",verified
Pool Fix Service & Repair,(210) 465-2386,Schertz,San Antonio TX,unknown,poolfixtexas.com,4.8,17,Reviews,"Pool Fix Service & Repair has 17 reviews at 4.8★ — a real start, but the top Schertz shops run 5-10x that and take the premium jobs. Ads plus reviews closes the gap.",verified
Choice Pearland Pool Cleaners,(281) 249-5856,Pearland,Houston TX,unknown,poolcleaningpearland.net,4.8,18,Reviews,"Choice Pearland Pool Cleaners has 18 reviews at 4.8★ — a real start, but the top Pearland shops run 5-10x that and take the premium jobs. Ads plus reviews closes the gap.",verified
Weekly McKinney Pool Service,(214) 919-9031,McKinney,Dallas-Fort Worth TX,unknown,poolservicemckinney.net,4.8,20,Reviews,"Weekly McKinney Pool Service has 20 reviews at 4.8★ — a real start, but the top McKinney shops run 5-10x that and take the premium jobs. Ads plus reviews closes the gap.",verified
Atascocita Sparkling Pool Service,(281) 601-4168,Humble,Houston TX,unknown,poolserviceatascocita.com,4.8,20,Reviews,"Atascocita Sparkling Pool Service has 20 reviews at 4.8★ — a real start, but the top Humble shops run 5-10x that and take the premium jobs. Ads plus reviews closes the gap.",verified
Weekly Sugar Land Pool Service,(281) 545-7080,Sugar Land,Houston TX,unknown,poolservicesugarland.com,4.8,20,Reviews,"Weekly Sugar Land Pool Service has 20 reviews at 4.8★ — a real start, but the top Sugar Land shops run 5-10x that and take the premium jobs. Ads plus reviews closes the gap.",verified
Aqua Go H2o Pool Services,(619) 643-7333,Chula Vista,San Diego CA,unknown,aquagoh2opoolandlawncare.com,4.8,21,Reviews,"Aqua Go H2o Pool Services has 21 reviews at 4.8★ — a real start, but the top Chula Vista shops run 5-10x that and take the premium jobs. Ads plus reviews closes the gap.",verified
Pool Cleaning in Leander Texas,(512) 686-2288,Leander,Austin TX,unknown,,4.8,25,Reviews,"Pool Cleaning in Leander Texas has 25 reviews at 4.8★ — a real start, but the top Leander shops run 5-10x that and take the premium jobs. Ads plus reviews closes the gap.",verified
Pearland Clear Pool Maintenance,(281) 715-7972,Pearland,Houston TX,unknown,poolmaintenancepearland.com,4.9,15,Reviews,"Pearland Clear Pool Maintenance has 15 reviews at 4.9★ — a real start, but the top Pearland shops run 5-10x that and take the premium jobs. Ads plus reviews closes the gap.",verified
Kingwood Sparkling Pool Service,(281) 973-7316,Kingwood,Houston TX,unknown,poolservicekingwood.com,4.9,16,Reviews,"Kingwood Sparkling Pool Service has 16 reviews at 4.9★ — a real start, but the top Kingwood shops run 5-10x that and take the premium jobs. Ads plus reviews closes the gap.",verified
Scheduled Rockwall Pool Maintenance,(214) 620-0913,Rockwall,Dallas-Fort Worth TX,unknown,poolmaintenancerockwall.com,4.9,17,Reviews,"Scheduled Rockwall Pool Maintenance has 17 reviews at 4.9★ — a real start, but the top Rockwall shops run 5-10x that and take the premium jobs. Ads plus reviews closes the gap.",verified
Humble Sparkling Pool Service,(281) 713-6454,Humble,Houston TX,unknown,poolservicehumble.com/ContactPoolServiceCompany.html,4.9,17,Reviews,"Humble Sparkling Pool Service has 17 reviews at 4.9★ — a real start, but the top Humble shops run 5-10x that and take the premium jobs. Ads plus reviews closes the gap.",verified
Spring Neighborhood Pool Service,(281) 528-4175,Spring,Houston TX,unknown,poolservicespringtx.com,4.9,18,Reviews,"Spring Neighborhood Pool Service has 18 reviews at 4.9★ — a real start, but the top Spring shops run 5-10x that and take the premium jobs. Ads plus reviews closes the gap.",verified
Precision Pools & Landscape,(901) 599-2225,Memphis,Memphis TN,unknown,precisionpools901.com,4.9,24,Reviews,"Precision Pools & Landscape has 24 reviews at 4.9★ — a real start, but the top Memphis shops run 5-10x that and take the premium jobs. Ads plus reviews closes the gap.",verified
Taft's Pool Service,(904) 703-4898,St Augustine,Jacksonville FL,unknown,www.taftspool.net,4.9,27,Reviews,"Taft's Pool Service has 27 reviews at 4.9★ — a real start, but the top St Augustine shops run 5-10x that and take the premium jobs. Ads plus reviews closes the gap.",verified
ASJ POOL SERVICE LLC,(813) 785-5595,Riverview,Tampa FL,unknown,asjpoolservice.com,4.9,28,Reviews,"ASJ POOL SERVICE LLC has 28 reviews at 4.9★ — a real start, but the top Riverview shops run 5-10x that and take the premium jobs. Ads plus reviews closes the gap.",verified
Who Dat Pool Service LLC,(504) 408-9231,New Orleans,New Orleans / Baton Rouge LA,unknown,whodatpoolservice.com,4.9,28,Reviews,"Who Dat Pool Service LLC has 28 reviews at 4.9★ — a real start, but the top New Orleans shops run 5-10x that and take the premium jobs. Ads plus reviews closes the gap.",verified
Extreme Pool Care LLC,(405) 833-3247,Oklahoma City,Oklahoma,unknown,www.extremepoolcarellc.com,4.9,28,Reviews,"Extreme Pool Care LLC has 28 reviews at 4.9★ — a real start, but the top Oklahoma City shops run 5-10x that and take the premium jobs. Ads plus reviews closes the gap.",verified
Pure Pools,(830) 929-8848,Schertz,San Antonio TX,unknown,,5,15,Reviews,"Pure Pools has 15 reviews at 5★ — a real start, but the top Schertz shops run 5-10x that and take the premium jobs. Ads plus reviews closes the gap.",verified
AZUL Pool Care,(760) 477-4851,Carlsbad,San Diego CA,unknown,azulpoolcare.com,5,15,Reviews,"AZUL Pool Care has 15 reviews at 5★ — a real start, but the top Carlsbad shops run 5-10x that and take the premium jobs. Ads plus reviews closes the gap.",verified
D&M Pool Services,(951) 478-4511,Moreno Valley,Riverside / IE,unknown,,5,16,Reviews,"D&M Pool Services has 16 reviews at 5★ — a real start, but the top Moreno Valley shops run 5-10x that and take the premium jobs. Ads plus reviews closes the gap.",verified
Austin Pool Techs Inc,(512) 643-6675,Leander,Austin TX,unknown,www.austinpooltechs.com,5,17,Reviews,"Austin Pool Techs Inc has 17 reviews at 5★ — a real start, but the top Leander shops run 5-10x that and take the premium jobs. Ads plus reviews closes the gap.",verified
Pool Partners LLC,(225) 395-8476,Baton Rouge,New Orleans / Baton Rouge LA,unknown,www.poolpartnersbr.com,5,17,Reviews,"Pool Partners LLC has 17 reviews at 5★ — a real start, but the top Baton Rouge shops run 5-10x that and take the premium jobs. Ads plus reviews closes the gap.",verified
Beachside Pool Service,(760) 889-5016,Oceanside,San Diego CA,unknown,www.beachsidepoolservice.net/?utm_source=google&utm_medium=organic&utm_campaign=gbp,5,18,Reviews,"Beachside Pool Service has 18 reviews at 5★ — a real start, but the top Oceanside shops run 5-10x that and take the premium jobs. Ads plus reviews closes the gap.",verified
Patriot Blue Pool Service LLC,(305) 342-0429,Boerne,San Antonio TX,unknown,patriotblue.netlify.app,5,19,Reviews,"Patriot Blue Pool Service LLC has 19 reviews at 5★ — a real start, but the top Boerne shops run 5-10x that and take the premium jobs. Ads plus reviews closes the gap.",verified
CQ & GG Pool cleaning LLC,(941) 716-9383,Bradenton,Sarasota FL,unknown,www.cqggpoolcleaningllc.com,5,19,Reviews,"CQ & GG Pool cleaning LLC has 19 reviews at 5★ — a real start, but the top Bradenton shops run 5-10x that and take the premium jobs. Ads plus reviews closes the gap.",verified
Bertino Pool Service upland,(909) 240-8531,Upland,Riverside / IE,unknown,www.bertinopoolservice.com,5,19,Reviews,"Bertino Pool Service upland has 19 reviews at 5★ — a real start, but the top Upland shops run 5-10x that and take the premium jobs. Ads plus reviews closes the gap.",verified
Tampa Bay Pool Service,(352) 457-5115,Wesley Chapel,Tampa FL,unknown,poolservicetampabay.com,5,20,Reviews,"Tampa Bay Pool Service has 20 reviews at 5★ — a real start, but the top Wesley Chapel shops run 5-10x that and take the premium jobs. Ads plus reviews closes the gap.",verified
Thunder City Pool Services,(405) 394-6585,Oklahoma City,Oklahoma,unknown,www.thundercitypoolservices.com,5,20,Reviews,"Thunder City Pool Services has 20 reviews at 5★ — a real start, but the top Oklahoma City shops run 5-10x that and take the premium jobs. Ads plus reviews closes the gap.",verified
True Flow Pool Solutions,(737) 259-7379,Round Rock,Austin TX,unknown,www.trueflowpools.com,5,21,Reviews,"True Flow Pool Solutions has 21 reviews at 5★ — a real start, but the top Round Rock shops run 5-10x that and take the premium jobs. Ads plus reviews closes the gap.",verified
Pool Lizards Pool Cleaning,(346) 442-2221,Georgetown,Austin TX,unknown,www.poollizardscleaning.com,5,21,Reviews,"Pool Lizards Pool Cleaning has 21 reviews at 5★ — a real start, but the top Georgetown shops run 5-10x that and take the premium jobs. Ads plus reviews closes the gap.",verified
Blue Science Pools,(817) 857-8424,Denton,Dallas-Fort Worth TX,unknown,www.bluescience.com/swimming-pool-service/denton-tx,5,22,Reviews,"Blue Science Pools has 22 reviews at 5★ — a real start, but the top Denton shops run 5-10x that and take the premium jobs. Ads plus reviews closes the gap.",verified
EverBlue Waters Pool Service Cleaning and Repair,(916) 707-7788,Elk Grove,Sacramento CA,unknown,everbluewaters.net,5,22,Reviews,"EverBlue Waters Pool Service Cleaning and Repair has 22 reviews at 5★ — a real start, but the top Elk Grove shops run 5-10x that and take the premium jobs. Ads plus reviews closes the gap.",verified
Pool Dr LLC,(980) 336-9194,Gastonia,Charlotte NC,unknown,pooldoctorcarolina.com,5,22,Reviews,"Pool Dr LLC has 22 reviews at 5★ — a real start, but the top Gastonia shops run 5-10x that and take the premium jobs. Ads plus reviews closes the gap.",verified
Peak Pool Service,(530) 417-7729,Folsom,Sacramento CA,unknown,peakpoolservice.com,5,23,Reviews,"Peak Pool Service has 23 reviews at 5★ — a real start, but the top Folsom shops run 5-10x that and take the premium jobs. Ads plus reviews closes the gap.",verified
ORCA Pools Rancho Cucamonga,(909) 303-6232,Rancho Cucamonga,Riverside / IE,unknown,orcapoolsandspas.com/pool-service-rancho-cucamonga,5,23,Reviews,"ORCA Pools Rancho Cucamonga has 23 reviews at 5★ — a real start, but the top Rancho Cucamonga shops run 5-10x that and take the premium jobs. Ads plus reviews closes the gap.",verified
San Diego Pool Solutions,(858) 243-3385,Escondido,San Diego CA,unknown,sandiegopoolsolutions.com,5,23,Reviews,"San Diego Pool Solutions has 23 reviews at 5★ — a real start, but the top Escondido shops run 5-10x that and take the premium jobs. Ads plus reviews closes the gap.",verified
S&K Pool Services LlC,(201) 668-9542,Roswell,Atlanta GA,unknown,nextdoor.com/page/sk-pool-services-roswell-ga?share_platform=10&utm_campaign=1763151038384&share_action_id=9e7eb6d2-6260-4173-837e-a2541058a085,5,23,Reviews,"S&K Pool Services LlC has 23 reviews at 5★ — a real start, but the top Roswell shops run 5-10x that and take the premium jobs. Ads plus reviews closes the gap.",verified
Peters Pool Services,(407) 530-6416,Apopka,Orlando FL,unknown,www.peterspoolservicesllc.com,5,24,Reviews,"Peters Pool Services has 24 reviews at 5★ — a real start, but the top Apopka shops run 5-10x that and take the premium jobs. Ads plus reviews closes the gap.",verified
J&D Pool Care Services,(407) 837-2021,Apopka,Orlando FL,unknown,jdoutdoorservices.com/home,5,24,Reviews,"J&D Pool Care Services has 24 reviews at 5★ — a real start, but the top Apopka shops run 5-10x that and take the premium jobs. Ads plus reviews closes the gap.",verified
Blue Atlantic Pool Service LLC,(941) 744-6281,Bradenton,Sarasota FL,unknown,,5,24,Reviews,"Blue Atlantic Pool Service LLC has 24 reviews at 5★ — a real start, but the top Bradenton shops run 5-10x that and take the premium jobs. Ads plus reviews closes the gap.",verified
Pure Paradise Pool Services,(239) 236-4045,Fort Myers,Fort Myers / Naples FL,unknown,pureparadisepools.com,5,25,Reviews,"Pure Paradise Pool Services has 25 reviews at 5★ — a real start, but the top Fort Myers shops run 5-10x that and take the premium jobs. Ads plus reviews closes the gap.",verified
Atlanta Pool and Spa Pros,(404) 382-7622,Atlanta,Atlanta GA,unknown,www.atlpoolandspapros.com,5,25,Reviews,"Atlanta Pool and Spa Pros has 25 reviews at 5★ — a real start, but the top Atlanta shops run 5-10x that and take the premium jobs. Ads plus reviews closes the gap.",verified
Just Poolin' Pool Service,(615) 461-0796,Nashville,Nashville TN,unknown,www.justpoolin.com,5,25,Reviews,"Just Poolin' Pool Service has 25 reviews at 5★ — a real start, but the top Nashville shops run 5-10x that and take the premium jobs. Ads plus reviews closes the gap.",verified
Clear Water Pools,(916) 425-5299,Citrus Heights,Sacramento CA,unknown,robsclearwaterpools.com,5,26,Reviews,"Clear Water Pools has 26 reviews at 5★ — a real start, but the top Citrus Heights shops run 5-10x that and take the premium jobs. Ads plus reviews closes the gap.",verified
Octopools,(504) 641-2235,Marrero,New Orleans / Baton Rouge LA,unknown,nolaoctopools.com,5,26,Reviews,"Octopools has 26 reviews at 5★ — a real start, but the top Marrero shops run 5-10x that and take the premium jobs. Ads plus reviews closes the gap.",verified
Mr. Pool Leak Repair - Frisco,(469) 272-8624,Frisco,Dallas-Fort Worth TX,unknown,mrpoolleakrepair.com,5,28,Reviews,"Mr. Pool Leak Repair - Frisco has 28 reviews at 5★ — a real start, but the top Frisco shops run 5-10x that and take the premium jobs. Ads plus reviews closes the gap.",verified
