Phone,Company Name
+17253052802,Saya Pools LLC
+17027284816,Bella Pools
+17022941759,Bob Jones Pool Service & Repair
+17027637374,Palm Pool Care
+17025607665,Alpha & Omega Pools (AO Pools)
+17027674249,Dave Rubinson Pools LLC
+17024257665,Accredited Pool Service
+17757751177,Pahrump Valley Pool Service
+17022936325,Tim Oliver's Pool Service LLC
+17028220907,Conejo Pool Service
+17252712476,Fun In The Sun Pool Service
+17755134114,Sunset Valley Pool Service LLC
+17029781195,AquaMac Pool Cleaning Service LLC
+17026551681,Centennial Hills Pool Service
+17028834594,R&M Pool Service
+17027486188,R & S Pool Service
+17026828103,Shark Reef Pool Service
+17023508054,Seahorse Pool Service
+17025580855,Pool Whisperer
+17022962501,Freeman's Pool Service & Repair
+17026758161,Vista Pools LLC
+17029076651,Echo Pool Service
+17027586256,Pristine Pool Service
+14358177777,Polynesian Pools
+17026006508,True Blue Pools
+17252951485,Bighorn Pools
+17028830914,Pool Service Pros
+17022507082,Lake Las Vegas Pools LLC
+17028101798,Complete Pool Servicing
